[
  {
    "DoorList": [],
    "SwitchList": [],
    "FoodList": [],
    "WallList": [],
    "SpawnPoint": "371.666, 360",
    "ExitPoint": "888, 362",
    "LevelName": "0"
  },
  {
    "DoorList": [],
    "SwitchList": [],
    "FoodList": [
      {
        "pos": "742, 304",
        "goodFood": false
      },
      {
        "pos": "664, 304",
        "goodFood": false
      },
      {
        "pos": "519, 317",
        "goodFood": false
      }
    ],
    "WallList": [
      {
        "rect": {
          "X": 941,
          "Y": 244,
          "Width": 94,
          "Height": 46
        },
        "pos": "941, 244",
        "width": 94,
        "height": 46
      },
      {
        "rect": {
          "X": 1024,
          "Y": 286,
          "Width": 7,
          "Height": 57
        },
        "pos": "1024, 286",
        "width": 7,
        "height": 57
      },
      {
        "rect": {
          "X": 946,
          "Y": 329,
          "Width": 82,
          "Height": 18
        },
        "pos": "946, 329",
        "width": 82,
        "height": 18
      }
    ],
    "SpawnPoint": "86.6668854, 268.333984",
    "ExitPoint": "1006, 308",
    "LevelName": "1"
  },
  {
    "DoorList": [
      {
        "pos": "855, 242",
        "color": 7,
        "width": 37,
        "height": 204
      }
    ],
    "SwitchList": [
      {
        "pos": "427, 166",
        "color": 7
      }
    ],
    "FoodList": [
      {
        "pos": "235, 421",
        "goodFood": true
      },
      {
        "pos": "440, 435",
        "goodFood": true
      },
      {
        "pos": "270, 272",
        "goodFood": true
      }
    ],
    "WallList": [
      {
        "rect": {
          "X": 894,
          "Y": 218,
          "Width": 105,
          "Height": 41
        },
        "pos": "894, 218",
        "width": 105,
        "height": 41
      },
      {
        "rect": {
          "X": 985,
          "Y": 237,
          "Width": 30,
          "Height": 250
        },
        "pos": "985, 237",
        "width": 30,
        "height": 250
      },
      {
        "rect": {
          "X": 829,
          "Y": 434,
          "Width": 165,
          "Height": 44
        },
        "pos": "829, 434",
        "width": 165,
        "height": 44
      },
      {
        "rect": {
          "X": 780,
          "Y": 204,
          "Width": 129,
          "Height": 53
        },
        "pos": "780, 204",
        "width": 129,
        "height": 53
      }
    ],
    "SpawnPoint": "85.00022, 283.3339",
    "ExitPoint": "967, 349",
    "LevelName": "2"
  },
  {
    "DoorList": [
      {
        "pos": "449, 56",
        "color": 1,
        "width": 75,
        "height": 35
      },
      {
        "pos": "378, 164",
        "color": 2,
        "width": 206,
        "height": 29
      },
      {
        "pos": "306, 268",
        "color": 3,
        "width": 320,
        "height": 21
      }
    ],
    "SwitchList": [
      {
        "pos": "559, 403",
        "color": 3
      },
      {
        "pos": "745, 496",
        "color": 2
      },
      {
        "pos": "944, 579",
        "color": 1
      }
    ],
    "FoodList": [
      {
        "pos": "411, 476",
        "goodFood": false
      },
      {
        "pos": "463, 523",
        "goodFood": false
      },
      {
        "pos": "585, 595",
        "goodFood": false
      }
    ],
    "WallList": [
      {
        "rect": {
          "X": 447,
          "Y": 6,
          "Width": 100,
          "Height": 7
        },
        "pos": "447, 6",
        "width": 100,
        "height": 7
      },
      {
        "rect": {
          "X": 456,
          "Y": 10,
          "Width": 15,
          "Height": 44
        },
        "pos": "456, 10",
        "width": 15,
        "height": 44
      },
      {
        "rect": {
          "X": 509,
          "Y": 11,
          "Width": 11,
          "Height": 44
        },
        "pos": "509, 11",
        "width": 11,
        "height": 44
      },
      {
        "rect": {
          "X": 407,
          "Y": 55,
          "Width": 49,
          "Height": 85
        },
        "pos": "407, 55",
        "width": 49,
        "height": 85
      },
      {
        "rect": {
          "X": 517,
          "Y": 54,
          "Width": 38,
          "Height": 86
        },
        "pos": "517, 54",
        "width": 38,
        "height": 86
      },
      {
        "rect": {
          "X": 334,
          "Y": 137,
          "Width": 75,
          "Height": 99
        },
        "pos": "334, 137",
        "width": 75,
        "height": 99
      },
      {
        "rect": {
          "X": 557,
          "Y": 136,
          "Width": 64,
          "Height": 89
        },
        "pos": "557, 136",
        "width": 64,
        "height": 89
      },
      {
        "rect": {
          "X": 249,
          "Y": 234,
          "Width": 85,
          "Height": 85
        },
        "pos": "249, 234",
        "width": 85,
        "height": 85
      },
      {
        "rect": {
          "X": 620,
          "Y": 226,
          "Width": 84,
          "Height": 93
        },
        "pos": "620, 226",
        "width": 84,
        "height": 93
      }
    ],
    "SpawnPoint": "210.00058, 543.3329",
    "ExitPoint": "490, 34",
    "LevelName": "3"
  },
  {
    "DoorList": [
      {
        "pos": "1139, 23",
        "color": 1,
        "width": 32,
        "height": 46
      },
      {
        "pos": "1008, 406",
        "color": 4,
        "width": 7,
        "height": 98
      },
      {
        "pos": "491, 426",
        "color": 7,
        "width": 151,
        "height": 25
      },
      {
        "pos": "515, 185",
        "color": 7,
        "width": 153,
        "height": 7
      }
    ],
    "SwitchList": [
      {
        "pos": "402, 206",
        "color": 7
      },
      {
        "pos": "588, 137",
        "color": 4
      },
      {
        "pos": "947, 163",
        "color": 1
      }
    ],
    "FoodList": [
      {
        "pos": "1040, 435",
        "goodFood": false
      },
      {
        "pos": "1055, 471",
        "goodFood": false
      },
      {
        "pos": "1087, 437",
        "goodFood": false
      },
      {
        "pos": "524, 477",
        "goodFood": false
      },
      {
        "pos": "610, 471",
        "goodFood": false
      },
      {
        "pos": "569, 513",
        "goodFood": false
      },
      {
        "pos": "100, 104",
        "goodFood": true
      },
      {
        "pos": "188, 158",
        "goodFood": true
      },
      {
        "pos": "105, 213",
        "goodFood": true
      }
    ],
    "WallList": [
      {
        "rect": {
          "X": 1127,
          "Y": 9,
          "Width": 116,
          "Height": 31
        },
        "pos": "1127, 9",
        "width": 116,
        "height": 31
      },
      {
        "rect": {
          "X": 1211,
          "Y": 29,
          "Width": 19,
          "Height": 59
        },
        "pos": "1211, 29",
        "width": 19,
        "height": 59
      },
      {
        "rect": {
          "X": 1131,
          "Y": 66,
          "Width": 93,
          "Height": 22
        },
        "pos": "1131, 66",
        "width": 93,
        "height": 22
      },
      {
        "rect": {
          "X": 988,
          "Y": 382,
          "Width": 212,
          "Height": 26
        },
        "pos": "988, 382",
        "width": 212,
        "height": 26
      },
      {
        "rect": {
          "X": 1172,
          "Y": 400,
          "Width": 24,
          "Height": 133
        },
        "pos": "1172, 400",
        "width": 24,
        "height": 133
      },
      {
        "rect": {
          "X": 1000,
          "Y": 502,
          "Width": 173,
          "Height": 30
        },
        "pos": "1000, 502",
        "width": 173,
        "height": 30
      },
      {
        "rect": {
          "X": 468,
          "Y": 447,
          "Width": 35,
          "Height": 113
        },
        "pos": "468, 447",
        "width": 35,
        "height": 113
      },
      {
        "rect": {
          "X": 633,
          "Y": 447,
          "Width": 39,
          "Height": 111
        },
        "pos": "633, 447",
        "width": 39,
        "height": 111
      },
      {
        "rect": {
          "X": 488,
          "Y": 548,
          "Width": 156,
          "Height": 6
        },
        "pos": "488, 548",
        "width": 156,
        "height": 6
      },
      {
        "rect": {
          "X": 3533,
          "Y": 959,
          "Width": 0,
          "Height": 0
        },
        "pos": "3533, 959",
        "width": 0,
        "height": 0
      },
      {
        "rect": {
          "X": 493,
          "Y": 52,
          "Width": 32,
          "Height": 156
        },
        "pos": "493, 52",
        "width": 32,
        "height": 156
      },
      {
        "rect": {
          "X": 659,
          "Y": 46,
          "Width": 104,
          "Height": 161
        },
        "pos": "659, 46",
        "width": 104,
        "height": 161
      },
      {
        "rect": {
          "X": 519,
          "Y": 27,
          "Width": 162,
          "Height": 29
        },
        "pos": "519, 27",
        "width": 162,
        "height": 29
      },
      {
        "rect": {
          "X": 756,
          "Y": 355,
          "Width": 0,
          "Height": 0
        },
        "pos": "756, 355",
        "width": 0,
        "height": 0
      }
    ],
    "SpawnPoint": "138.333725, 383.3333",
    "ExitPoint": "1195, 58",
    "LevelName": "4"
  },
  {
    "DoorList": [
      {
        "pos": "1215, 16",
        "color": 7,
        "width": 6,
        "height": 33
      },
      {
        "pos": "1157, 15",
        "color": 6,
        "width": 15,
        "height": 57
      },
      {
        "pos": "1059, 18",
        "color": 5,
        "width": 26,
        "height": 79
      },
      {
        "pos": "918, 18",
        "color": 4,
        "width": 59,
        "height": 105
      },
      {
        "pos": "823, 18",
        "color": 3,
        "width": 22,
        "height": 102
      },
      {
        "pos": "708, 16",
        "color": 2,
        "width": 41,
        "height": 157
      },
      {
        "pos": "657, 14",
        "color": 1,
        "width": 36,
        "height": 133
      }
    ],
    "SwitchList": [
      {
        "pos": "280, 369",
        "color": 1
      },
      {
        "pos": "330, 433",
        "color": 2
      },
      {
        "pos": "415, 359",
        "color": 3
      },
      {
        "pos": "424, 442",
        "color": 4
      },
      {
        "pos": "547, 385",
        "color": 5
      },
      {
        "pos": "543, 459",
        "color": 6
      },
      {
        "pos": "619, 414",
        "color": 7
      }
    ],
    "FoodList": [
      {
        "pos": "205, 685",
        "goodFood": true
      },
      {
        "pos": "275, 690",
        "goodFood": true
      },
      {
        "pos": "339, 688",
        "goodFood": true
      },
      {
        "pos": "386, 689",
        "goodFood": true
      },
      {
        "pos": "469, 685",
        "goodFood": true
      },
      {
        "pos": "539, 686",
        "goodFood": true
      },
      {
        "pos": "627, 680",
        "goodFood": true
      },
      {
        "pos": "214, 641",
        "goodFood": true
      },
      {
        "pos": "284, 648",
        "goodFood": true
      },
      {
        "pos": "325, 642",
        "goodFood": true
      },
      {
        "pos": "377, 647",
        "goodFood": true
      },
      {
        "pos": "448, 640",
        "goodFood": true
      },
      {
        "pos": "525, 644",
        "goodFood": true
      },
      {
        "pos": "602, 645",
        "goodFood": true
      },
      {
        "pos": "711, 639",
        "goodFood": false
      },
      {
        "pos": "706, 672",
        "goodFood": false
      },
      {
        "pos": "765, 646",
        "goodFood": false
      },
      {
        "pos": "766, 684",
        "goodFood": false
      },
      {
        "pos": "799, 661",
        "goodFood": false
      },
      {
        "pos": "813, 687",
        "goodFood": false
      },
      {
        "pos": "847, 665",
        "goodFood": false
      },
      {
        "pos": "861, 686",
        "goodFood": false
      },
      {
        "pos": "889, 662",
        "goodFood": false
      },
      {
        "pos": "902, 689",
        "goodFood": false
      },
      {
        "pos": "932, 652",
        "goodFood": false
      },
      {
        "pos": "946, 687",
        "goodFood": false
      },
      {
        "pos": "975, 659",
        "goodFood": false
      },
      {
        "pos": "996, 692",
        "goodFood": false
      }
    ],
    "WallList": [
      {
        "rect": {
          "X": 14,
          "Y": 8,
          "Width": 1245,
          "Height": 13
        },
        "pos": "14, 8",
        "width": 1245,
        "height": 13
      },
      {
        "rect": {
          "X": 1215,
          "Y": 40,
          "Width": 42,
          "Height": 21
        },
        "pos": "1215, 40",
        "width": 42,
        "height": 21
      },
      {
        "rect": {
          "X": 1148,
          "Y": 61,
          "Width": 73,
          "Height": 36
        },
        "pos": "1148, 61",
        "width": 73,
        "height": 36
      },
      {
        "rect": {
          "X": 1034,
          "Y": 92,
          "Width": 120,
          "Height": 40
        },
        "pos": "1034, 92",
        "width": 120,
        "height": 40
      },
      {
        "rect": {
          "X": 807,
          "Y": 116,
          "Width": 233,
          "Height": 33
        },
        "pos": "807, 116",
        "width": 233,
        "height": 33
      },
      {
        "rect": {
          "X": 652,
          "Y": 140,
          "Width": 156,
          "Height": 67
        },
        "pos": "652, 140",
        "width": 156,
        "height": 67
      }
    ],
    "SpawnPoint": "131.667, 628.3339",
    "ExitPoint": "1237, 32",
    "LevelName": "5"
  },
  {
    "DoorList": [],
    "SwitchList": [],
    "FoodList": [],
    "WallList": [
      {
        "rect": {
          "X": 88,
          "Y": 97,
          "Width": 30,
          "Height": 331
        },
        "pos": "88, 97",
        "width": 30,
        "height": 331
      },
      {
        "rect": {
          "X": 29,
          "Y": 92,
          "Width": 177,
          "Height": 35
        },
        "pos": "29, 92",
        "width": 177,
        "height": 35
      },
      {
        "rect": {
          "X": 234,
          "Y": 91,
          "Width": 21,
          "Height": 340
        },
        "pos": "234, 91",
        "width": 21,
        "height": 340
      },
      {
        "rect": {
          "X": 249,
          "Y": 226,
          "Width": 131,
          "Height": 35
        },
        "pos": "249, 226",
        "width": 131,
        "height": 35
      },
      {
        "rect": {
          "X": 342,
          "Y": 93,
          "Width": 36,
          "Height": 339
        },
        "pos": "342, 93",
        "width": 36,
        "height": 339
      },
      {
        "rect": {
          "X": 418,
          "Y": 95,
          "Width": 25,
          "Height": 332
        },
        "pos": "418, 95",
        "width": 25,
        "height": 332
      },
      {
        "rect": {
          "X": 440,
          "Y": 97,
          "Width": 129,
          "Height": 39
        },
        "pos": "440, 97",
        "width": 129,
        "height": 39
      },
      {
        "rect": {
          "X": 432,
          "Y": 233,
          "Width": 113,
          "Height": 42
        },
        "pos": "432, 233",
        "width": 113,
        "height": 42
      },
      {
        "rect": {
          "X": 428,
          "Y": 387,
          "Width": 91,
          "Height": 46
        },
        "pos": "428, 387",
        "width": 91,
        "height": 46
      },
      {
        "rect": {
          "X": 637,
          "Y": 111,
          "Width": 25,
          "Height": 332
        },
        "pos": "637, 111",
        "width": 25,
        "height": 332
      },
      {
        "rect": {
          "X": 657,
          "Y": 113,
          "Width": 120,
          "Height": 39
        },
        "pos": "657, 113",
        "width": 120,
        "height": 39
      },
      {
        "rect": {
          "X": 657,
          "Y": 231,
          "Width": 97,
          "Height": 75
        },
        "pos": "657, 231",
        "width": 97,
        "height": 75
      },
      {
        "rect": {
          "X": 648,
          "Y": 393,
          "Width": 107,
          "Height": 45
        },
        "pos": "648, 393",
        "width": 107,
        "height": 45
      },
      {
        "rect": {
          "X": 812,
          "Y": 118,
          "Width": 35,
          "Height": 320
        },
        "pos": "812, 118",
        "width": 35,
        "height": 320
      },
      {
        "rect": {
          "X": 849,
          "Y": 125,
          "Width": 45,
          "Height": 87
        },
        "pos": "849, 125",
        "width": 45,
        "height": 87
      },
      {
        "rect": {
          "X": 891,
          "Y": 208,
          "Width": 40,
          "Height": 79
        },
        "pos": "891, 208",
        "width": 40,
        "height": 79
      },
      {
        "rect": {
          "X": 931,
          "Y": 287,
          "Width": 22,
          "Height": 99
        },
        "pos": "931, 287",
        "width": 22,
        "height": 99
      },
      {
        "rect": {
          "X": 953,
          "Y": 386,
          "Width": 32,
          "Height": 49
        },
        "pos": "953, 386",
        "width": 32,
        "height": 49
      },
      {
        "rect": {
          "X": 941,
          "Y": 124,
          "Width": 51,
          "Height": 316
        },
        "pos": "941, 124",
        "width": 51,
        "height": 316
      },
      {
        "rect": {
          "X": 1034,
          "Y": 130,
          "Width": 59,
          "Height": 309
        },
        "pos": "1034, 130",
        "width": 59,
        "height": 309
      },
      {
        "rect": {
          "X": 1092,
          "Y": 128,
          "Width": 47,
          "Height": 54
        },
        "pos": "1092, 128",
        "width": 47,
        "height": 54
      },
      {
        "rect": {
          "X": 1139,
          "Y": 182,
          "Width": 48,
          "Height": 69
        },
        "pos": "1139, 182",
        "width": 48,
        "height": 69
      },
      {
        "rect": {
          "X": 1187,
          "Y": 251,
          "Width": 36,
          "Height": 81
        },
        "pos": "1187, 251",
        "width": 36,
        "height": 81
      },
      {
        "rect": {
          "X": 1158,
          "Y": 331,
          "Width": 39,
          "Height": 60
        },
        "pos": "1158, 331",
        "width": 39,
        "height": 60
      },
      {
        "rect": {
          "X": 1092,
          "Y": 390,
          "Width": 71,
          "Height": 51
        },
        "pos": "1092, 390",
        "width": 71,
        "height": 51
      }
    ],
    "SpawnPoint": "615.0004, 553.333",
    "ExitPoint": "2000, 2000",
    "LevelName": "6"
  }
]
